protein,uniprot_id,modification,position,ionbot_match_id,rank,#PSMs
CERU_HUMAN,P00450,[35]Oxidation[M],538,0_29275_1,0,2
CERU_HUMAN,P00450,[35]Oxidation[M],538,0_5660_1,0,2
CERU_HUMAN,P00450,[35]Oxidation[M],557,0_29275_1,0,1
CERU_HUMAN,P00450,[4]Carbamidomethyl[C],900,0_36919_1,0,1
CERU_HUMAN,P00450,[35]Oxidation[M],1028,0_39714_1,0,1
CO3_HUMAN,P01024,[4]Carbamidomethyl[C],1489,0_13386_1,0,1
CO3_HUMAN,P01024,[4]Carbamidomethyl[C],1537,0_9148_1,0,1
CONTAMINANT_ENSBTAP00000031900,CONTAMINANT_ENSEMBL,[35]Oxidation[M],537,0_29275_1,0,2
CONTAMINANT_ENSBTAP00000031900,CONTAMINANT_ENSEMBL,[35]Oxidation[M],537,0_5660_1,0,2
CONTAMINANT_ENSBTAP00000031900,CONTAMINANT_ENSEMBL,[35]Oxidation[M],556,0_29275_1,0,1
CONTAMINANT_TRYP_PIG,CONTAMINANT_TRYP_PIG,[35]Oxidation[M],94,0_22812_1,0,3
CONTAMINANT_TRYP_PIG,CONTAMINANT_TRYP_PIG,[35]Oxidation[M],94,0_22983_1,0,3
CONTAMINANT_TRYP_PIG,CONTAMINANT_TRYP_PIG,[35]Oxidation[M],94,0_33544_1,0,3
COR1C_HUMAN,Q9ULV4,[4]Carbamidomethyl[C],456,0_4165_1,0,1
FETUA_HUMAN,P02765,[4]Carbamidomethyl[C],114,0_13321_1,0,1
HV741_HUMAN,A0A0J9YVY3,[4]Carbamidomethyl[C],115,0_5821_1,0,1
HVC33_HUMAN,P0DP02,[4]Carbamidomethyl[C],115,0_5821_1,0,1
IC1_HUMAN,P05155,[35]Oxidation[M],160,0_3710_1,0,1
IC1_HUMAN,P05155,[35]Oxidation[M],167,0_43397_1,0,1
IC1_HUMAN,P05155,[35]Oxidation[M],370,0_15784_1,0,1
IC1_HUMAN,P05155,[35]Oxidation[M],409,0_6165_1,0,1
IC1_HUMAN,P05155,[35]Oxidation[M],413,0_6165_1,0,1
IGHA1_HUMAN,P01876,[4]Carbamidomethyl[C],204,0_6159_1,0,1
IGKC_HUMAN,P01834,[4]Carbamidomethyl[C],27,0_33745_1,0,1
IGKC_HUMAN,P01834,[4]Carbamidomethyl[C],87,0_8589_1,0,1
IGLC1_HUMAN,P0CG04,[4]Carbamidomethyl[C],87,0_2725_1,0,2
IGLC1_HUMAN,P0CG04,[4]Carbamidomethyl[C],87,0_2761_1,0,2
IGLC2_HUMAN,P0DOY2,[4]Carbamidomethyl[C],87,0_2725_1,0,2
IGLC2_HUMAN,P0DOY2,[4]Carbamidomethyl[C],87,0_2761_1,0,2
IGLC3_HUMAN,P0DOY3,[4]Carbamidomethyl[C],87,0_2725_1,0,2
IGLC3_HUMAN,P0DOY3,[4]Carbamidomethyl[C],87,0_2761_1,0,2
IGLC6_HUMAN,P0CF74,[4]Carbamidomethyl[C],87,0_2725_1,0,2
IGLC6_HUMAN,P0CF74,[4]Carbamidomethyl[C],87,0_2761_1,0,2
IGLL5_HUMAN,B9A064,[4]Carbamidomethyl[C],195,0_2725_1,0,2
IGLL5_HUMAN,B9A064,[4]Carbamidomethyl[C],195,0_2761_1,0,2
ILEU_HUMAN,P30740,[35]Oxidation[M],152,0_14157_1,0,2
ILEU_HUMAN,P30740,[35]Oxidation[M],152,0_14634_1,0,2
ILEU_HUMAN,P30740,[35]Oxidation[M],156,0_14157_1,0,3
ILEU_HUMAN,P30740,[35]Oxidation[M],156,0_14634_1,0,3
ILEU_HUMAN,P30740,[35]Oxidation[M],156,0_19025_1,0,3
IMPA1_HUMAN,P29218,[4]Carbamidomethyl[C],184,0_16573_1,0,1
NDK8_HUMAN,O60361,[35]Oxidation[M],75,0_6257_1,0,1
NDKA_HUMAN,P15531,[35]Oxidation[M],90,0_6257_1,0,1
NDKB_HUMAN,P22392,[35]Oxidation[M],90,0_6257_1,0,1
NPC2_HUMAN,P61916,[4]Carbamidomethyl[C],42,0_8756_1,0,1
NPC2_HUMAN,P61916,[4]Carbamidomethyl[C],47,0_8756_1,0,1
ORF1099127_HUMAN,ORF1099127,[4]Carbamidomethyl[C],13,0_8756_1,0,1
ORF1099127_HUMAN,ORF1099127,[4]Carbamidomethyl[C],18,0_8756_1,0,1
ORF1302424_HUMAN,ORF1302424,[35]Oxidation[M],13,0_13862_1,0,1
ORF1302424_HUMAN,ORF1302424,[35]Oxidation[M],22,0_13862_1,0,1
ORF1305697_HUMAN,ORF1305697,[4]Carbamidomethyl[C],26,0_9664_1,0,5
ORF1305697_HUMAN,ORF1305697,[4]Carbamidomethyl[C],26,0_9674_1,0,5
ORF1305697_HUMAN,ORF1305697,[4]Carbamidomethyl[C],26,0_10712_1,0,5
ORF1305697_HUMAN,ORF1305697,[4]Carbamidomethyl[C],26,0_11716_1,0,5
ORF1305697_HUMAN,ORF1305697,[4]Carbamidomethyl[C],26,0_11776_1,0,5
ORF1305706_HUMAN,ORF1305706,[4]Carbamidomethyl[C],28,0_9664_1,0,5
ORF1305706_HUMAN,ORF1305706,[4]Carbamidomethyl[C],28,0_9674_1,0,5
ORF1305706_HUMAN,ORF1305706,[4]Carbamidomethyl[C],28,0_10712_1,0,5
ORF1305706_HUMAN,ORF1305706,[4]Carbamidomethyl[C],28,0_11716_1,0,5
ORF1305706_HUMAN,ORF1305706,[4]Carbamidomethyl[C],28,0_11776_1,0,5
ORF1305712_HUMAN,ORF1305712,[4]Carbamidomethyl[C],36,0_9664_1,0,5
ORF1305712_HUMAN,ORF1305712,[4]Carbamidomethyl[C],36,0_9674_1,0,5
ORF1305712_HUMAN,ORF1305712,[4]Carbamidomethyl[C],36,0_10712_1,0,5
ORF1305712_HUMAN,ORF1305712,[4]Carbamidomethyl[C],36,0_11716_1,0,5
ORF1305712_HUMAN,ORF1305712,[4]Carbamidomethyl[C],36,0_11776_1,0,5
ORF15180_HUMAN,ORF15180,[4]Carbamidomethyl[C],35,0_4165_1,0,1
ORF15183_HUMAN,ORF15183,[4]Carbamidomethyl[C],47,0_4165_1,0,1
ORF15185_HUMAN,ORF15185,[4]Carbamidomethyl[C],22,0_4165_1,0,1
ORF15187_HUMAN,ORF15187,[4]Carbamidomethyl[C],67,0_4165_1,0,1
ORF15189_HUMAN,ORF15189,[4]Carbamidomethyl[C],53,0_4165_1,0,1
ORF169081_HUMAN,ORF169081,[35]Oxidation[M],2,0_34722_1,0,1
ORF23524_HUMAN,ORF23524,[4]Carbamidomethyl[C],16,0_11598_1,0,1
ORF3187938_HUMAN,ORF3187938,[4]Carbamidomethyl[C],18,0_11598_1,0,1
ORF3302893_HUMAN,ORF3302893,[4]Carbamidomethyl[C],317,0_27249_1,0,6
ORF3302893_HUMAN,ORF3302893,[4]Carbamidomethyl[C],317,0_29486_1,0,6
ORF3302893_HUMAN,ORF3302893,[4]Carbamidomethyl[C],317,0_29535_1,0,6
ORF3302893_HUMAN,ORF3302893,[4]Carbamidomethyl[C],317,0_29976_1,0,6
ORF3302893_HUMAN,ORF3302893,[4]Carbamidomethyl[C],317,0_29982_1,0,6
ORF3302893_HUMAN,ORF3302893,[4]Carbamidomethyl[C],317,0_30032_1,0,6
ORF3302893_HUMAN,ORF3302893,[4]Carbamidomethyl[C],320,0_27249_1,0,6
ORF3302893_HUMAN,ORF3302893,[4]Carbamidomethyl[C],320,0_29486_1,0,6
ORF3302893_HUMAN,ORF3302893,[4]Carbamidomethyl[C],320,0_29535_1,0,6
ORF3302893_HUMAN,ORF3302893,[4]Carbamidomethyl[C],320,0_29976_1,0,6
ORF3302893_HUMAN,ORF3302893,[4]Carbamidomethyl[C],320,0_29982_1,0,6
ORF3302893_HUMAN,ORF3302893,[4]Carbamidomethyl[C],320,0_30032_1,0,6
ORF3302893_HUMAN,ORF3302893,[4]Carbamidomethyl[C],442,0_15135_1,0,1
ORF3307051_HUMAN,ORF3307051,[35]Oxidation[M],194,0_3710_1,0,1
ORF3307051_HUMAN,ORF3307051,[35]Oxidation[M],201,0_43397_1,0,1
ORF3307051_HUMAN,ORF3307051,[35]Oxidation[M],413,0_15784_1,0,1
ORF3307051_HUMAN,ORF3307051,[35]Oxidation[M],452,0_6165_1,0,1
ORF3307051_HUMAN,ORF3307051,[35]Oxidation[M],456,0_6165_1,0,1
ORF3316837_HUMAN,ORF3316837,[35]Oxidation[M],137,0_5868_1,0,1
ORF3316840_HUMAN,ORF3316840,[35]Oxidation[M],11,0_5868_1,0,1
ORF3316843_HUMAN,ORF3316843,[35]Oxidation[M],11,0_5868_1,0,1
ORF3316846_HUMAN,ORF3316846,[35]Oxidation[M],11,0_5868_1,0,1
ORF3316849_HUMAN,ORF3316849,[35]Oxidation[M],11,0_5868_1,0,1
ORF3316852_HUMAN,ORF3316852,[35]Oxidation[M],11,0_5868_1,0,1
ORF3316855_HUMAN,ORF3316855,[35]Oxidation[M],75,0_5868_1,0,1
ORF3316858_HUMAN,ORF3316858,[35]Oxidation[M],62,0_5868_1,0,1
ORF3316861_HUMAN,ORF3316861,[35]Oxidation[M],11,0_5868_1,0,1
ORF3316864_HUMAN,ORF3316864,[35]Oxidation[M],11,0_5868_1,0,1
ORF3322840_HUMAN,ORF3322840,[35]Oxidation[M],47,0_23038_1,0,1
ORF3322840_HUMAN,ORF3322840,[4]Carbamidomethyl[C],48,0_23038_1,0,1
ORF3322843_HUMAN,ORF3322843,[35]Oxidation[M],47,0_23038_1,0,1
ORF3322843_HUMAN,ORF3322843,[4]Carbamidomethyl[C],48,0_23038_1,0,1
ORF3322846_HUMAN,ORF3322846,[35]Oxidation[M],47,0_23038_1,0,1
ORF3322846_HUMAN,ORF3322846,[4]Carbamidomethyl[C],48,0_23038_1,0,1
ORF3330931_HUMAN,ORF3330931,[4]Carbamidomethyl[C],509,0_4165_1,0,1
ORF3335236_HUMAN,ORF3335236,[4]Carbamidomethyl[C],82,0_16022_1,0,1
ORF3335236_HUMAN,ORF3335236,[4]Carbamidomethyl[C],138,0_7066_1,0,1
ORF3338968_HUMAN,ORF3338968,[35]Oxidation[M],204,0_39662_1,0,3
ORF3338968_HUMAN,ORF3338968,[35]Oxidation[M],204,0_40134_1,0,3
ORF3338968_HUMAN,ORF3338968,[35]Oxidation[M],204,0_40157_1,0,3
ORF3338968_HUMAN,ORF3338968,[35]Oxidation[M],205,0_39662_1,0,3
ORF3338968_HUMAN,ORF3338968,[35]Oxidation[M],205,0_40134_1,0,3
ORF3338968_HUMAN,ORF3338968,[35]Oxidation[M],205,0_40157_1,0,3
ORF3338971_HUMAN,ORF3338971,[35]Oxidation[M],204,0_39662_1,0,3
ORF3338971_HUMAN,ORF3338971,[35]Oxidation[M],204,0_40134_1,0,3
ORF3338971_HUMAN,ORF3338971,[35]Oxidation[M],204,0_40157_1,0,3
ORF3338971_HUMAN,ORF3338971,[35]Oxidation[M],205,0_39662_1,0,3
ORF3338971_HUMAN,ORF3338971,[35]Oxidation[M],205,0_40134_1,0,3
ORF3338971_HUMAN,ORF3338971,[35]Oxidation[M],205,0_40157_1,0,3
ORF3338971_HUMAN,ORF3338971,[35]Oxidation[M],219,0_8561_1,0,2
ORF3338971_HUMAN,ORF3338971,[35]Oxidation[M],219,0_10462_1,0,2
ORF3338971_HUMAN,ORF3338971,[35]Oxidation[M],240,0_29598_1,0,1
ORF3338971_HUMAN,ORF3338971,[35]Oxidation[M],240,0_29598_1,1,1
ORF3338971_HUMAN,ORF3338971,[35]Oxidation[M],243,0_29598_1,0,1
ORF3338971_HUMAN,ORF3338971,[35]Oxidation[M],244,0_29598_1,1,1
ORF3338971_HUMAN,ORF3338971,[4]Carbamidomethyl[C],261,0_16160_1,0,1
ORF3340693_HUMAN,ORF3340693,[35]Oxidation[M],110,0_24389_1,0,1
ORF3342214_HUMAN,ORF3342214,[4]Carbamidomethyl[C],42,0_8756_1,0,1
ORF3342214_HUMAN,ORF3342214,[4]Carbamidomethyl[C],47,0_8756_1,0,1
ORF3342217_HUMAN,ORF3342217,[4]Carbamidomethyl[C],42,0_8756_1,0,1
ORF3342217_HUMAN,ORF3342217,[4]Carbamidomethyl[C],47,0_8756_1,0,1
ORF3342223_HUMAN,ORF3342223,[4]Carbamidomethyl[C],42,0_8756_1,0,1
ORF3342223_HUMAN,ORF3342223,[4]Carbamidomethyl[C],47,0_8756_1,0,1
ORF3342229_HUMAN,ORF3342229,[4]Carbamidomethyl[C],42,0_8756_1,0,1
ORF3342229_HUMAN,ORF3342229,[4]Carbamidomethyl[C],47,0_8756_1,0,1
ORF3343045_HUMAN,ORF3343045,[35]Oxidation[M],250,0_5036_1,0,1
ORF3343045_HUMAN,ORF3343045,[4]Carbamidomethyl[C],256,0_5036_1,0,1
ORF3343045_HUMAN,ORF3343045,[35]Oxidation[M],266,0_14738_1,0,8
ORF3343045_HUMAN,ORF3343045,[35]Oxidation[M],266,0_14744_1,0,8
ORF3343045_HUMAN,ORF3343045,[35]Oxidation[M],266,0_15711_1,0,8
ORF3343045_HUMAN,ORF3343045,[35]Oxidation[M],266,0_18296_1,0,8
ORF3343045_HUMAN,ORF3343045,[35]Oxidation[M],266,0_18444_1,0,8
ORF3343045_HUMAN,ORF3343045,[35]Oxidation[M],266,0_19100_1,0,8
ORF3343045_HUMAN,ORF3343045,[35]Oxidation[M],266,0_19588_1,0,8
ORF3343045_HUMAN,ORF3343045,[35]Oxidation[M],266,0_20182_1,0,8
ORF3343045_HUMAN,ORF3343045,[35]Oxidation[M],398,0_22582_1,0,1
ORF3343048_HUMAN,ORF3343048,[35]Oxidation[M],250,0_5036_1,0,1
ORF3343048_HUMAN,ORF3343048,[4]Carbamidomethyl[C],256,0_5036_1,0,1
ORF3343048_HUMAN,ORF3343048,[35]Oxidation[M],266,0_14738_1,0,8
ORF3343048_HUMAN,ORF3343048,[35]Oxidation[M],266,0_14744_1,0,8
ORF3343048_HUMAN,ORF3343048,[35]Oxidation[M],266,0_15711_1,0,8
ORF3343048_HUMAN,ORF3343048,[35]Oxidation[M],266,0_18296_1,0,8
ORF3343048_HUMAN,ORF3343048,[35]Oxidation[M],266,0_18444_1,0,8
ORF3343048_HUMAN,ORF3343048,[35]Oxidation[M],266,0_19100_1,0,8
ORF3343048_HUMAN,ORF3343048,[35]Oxidation[M],266,0_19588_1,0,8
ORF3343048_HUMAN,ORF3343048,[35]Oxidation[M],266,0_20182_1,0,8
ORF3343051_HUMAN,ORF3343051,[35]Oxidation[M],250,0_5036_1,0,1
ORF3343051_HUMAN,ORF3343051,[4]Carbamidomethyl[C],256,0_5036_1,0,1
ORF3343051_HUMAN,ORF3343051,[35]Oxidation[M],266,0_14738_1,0,8
ORF3343051_HUMAN,ORF3343051,[35]Oxidation[M],266,0_14744_1,0,8
ORF3343051_HUMAN,ORF3343051,[35]Oxidation[M],266,0_15711_1,0,8
ORF3343051_HUMAN,ORF3343051,[35]Oxidation[M],266,0_18296_1,0,8
ORF3343051_HUMAN,ORF3343051,[35]Oxidation[M],266,0_18444_1,0,8
ORF3343051_HUMAN,ORF3343051,[35]Oxidation[M],266,0_19100_1,0,8
ORF3343051_HUMAN,ORF3343051,[35]Oxidation[M],266,0_19588_1,0,8
ORF3343051_HUMAN,ORF3343051,[35]Oxidation[M],266,0_20182_1,0,8
ORF3343054_HUMAN,ORF3343054,[35]Oxidation[M],1,0_3318_1,0,1
ORF3343606_HUMAN,ORF3343606,[4]Carbamidomethyl[C],204,0_6159_1,0,1
ORF3343738_HUMAN,ORF3343738,[4]Carbamidomethyl[C],115,0_5821_1,0,1
ORF3343747_HUMAN,ORF3343747,[4]Carbamidomethyl[C],115,0_5821_1,0,1
ORF3343765_HUMAN,ORF3343765,[4]Carbamidomethyl[C],115,0_5821_1,0,1
ORF3343786_HUMAN,ORF3343786,[4]Carbamidomethyl[C],115,0_5821_1,0,1
ORF3343810_HUMAN,ORF3343810,[4]Carbamidomethyl[C],115,0_5821_1,0,1
ORF3343819_HUMAN,ORF3343819,[4]Carbamidomethyl[C],114,0_5821_1,0,1
ORF3343837_HUMAN,ORF3343837,[4]Carbamidomethyl[C],114,0_5821_1,0,1
ORF3343852_HUMAN,ORF3343852,[4]Carbamidomethyl[C],115,0_5821_1,0,1
ORF3367693_HUMAN,ORF3367693,[35]Oxidation[M],115,0_6257_1,0,1
ORF3367696_HUMAN,ORF3367696,[35]Oxidation[M],115,0_6257_1,0,1
ORF3367699_HUMAN,ORF3367699,[35]Oxidation[M],90,0_6257_1,0,1
ORF3367702_HUMAN,ORF3367702,[35]Oxidation[M],115,0_6257_1,0,1
ORF3367918_HUMAN,ORF3367918,[4]Carbamidomethyl[C],370,0_14510_1,0,1
ORF3375541_HUMAN,ORF3375541,[4]Carbamidomethyl[C],341,0_15676_1,0,1
ORF3375541_HUMAN,ORF3375541,[35]Oxidation[M],373,0_34130_1,0,1
ORF3375541_HUMAN,ORF3375541,[4]Carbamidomethyl[C],430,0_14510_1,0,1
ORF3375541_HUMAN,ORF3375541,[35]Oxidation[M],504,0_25579_1,0,1
ORF3375541_HUMAN,ORF3375541,[35]Oxidation[M],620,0_21642_1,0,1
ORF3375541_HUMAN,ORF3375541,[4]Carbamidomethyl[C],638,0_27659_1,0,2
ORF3375541_HUMAN,ORF3375541,[4]Carbamidomethyl[C],638,0_27666_1,0,2
ORF3375541_HUMAN,ORF3375541,[4]Carbamidomethyl[C],695,0_33203_1,0,2
ORF3375541_HUMAN,ORF3375541,[4]Carbamidomethyl[C],695,0_33209_1,0,2
ORF3375541_HUMAN,ORF3375541,[4]Carbamidomethyl[C],736,0_7801_1,0,1
ORF3375544_HUMAN,ORF3375544,[4]Carbamidomethyl[C],69,0_7801_1,0,1
ORF3379462_HUMAN,ORF3379462,[35]Oxidation[M],181,0_22515_1,0,1
ORF3379462_HUMAN,ORF3379462,[35]Oxidation[M],309,0_10765_1,0,2
ORF3379462_HUMAN,ORF3379462,[35]Oxidation[M],309,0_5319_1,0,2
ORF3379462_HUMAN,ORF3379462,[35]Oxidation[M],311,0_5319_1,0,1
ORF3379462_HUMAN,ORF3379462,[35]Oxidation[M],325,0_1146_1,0,1
ORF3379489_HUMAN,ORF3379489,[4]Carbamidomethyl[C],357,0_31328_1,0,1
ORF3381409_HUMAN,ORF3381409,[35]Oxidation[M],12,0_34530_1,0,1
ORF3381412_HUMAN,ORF3381412,[35]Oxidation[M],12,0_34530_1,0,1
ORF3381415_HUMAN,ORF3381415,[35]Oxidation[M],12,0_34530_1,0,1
ORF3381865_HUMAN,ORF3381865,[4]Carbamidomethyl[C],52,0_5306_1,0,1
ORF3381871_HUMAN,ORF3381871,[4]Carbamidomethyl[C],187,0_4603_1,0,1
ORF3382870_HUMAN,ORF3382870,[4]Carbamidomethyl[C],22,0_13391_1,0,2
ORF3382870_HUMAN,ORF3382870,[4]Carbamidomethyl[C],22,0_5818_1,0,2
ORF3382870_HUMAN,ORF3382870,[35]Oxidation[M],24,0_5818_1,0,1
ORF3382870_HUMAN,ORF3382870,[4]Carbamidomethyl[C],51,0_11693_1,0,2
ORF3382870_HUMAN,ORF3382870,[4]Carbamidomethyl[C],51,0_12157_1,0,2
ORF3382870_HUMAN,ORF3382870,[4]Carbamidomethyl[C],72,0_18161_1,0,1
ORF3382870_HUMAN,ORF3382870,[4]Carbamidomethyl[C],72,0_18794_1,1,1
ORF3382870_HUMAN,ORF3382870,[4]Carbamidomethyl[C],74,0_18161_1,1,1
ORF3382870_HUMAN,ORF3382870,[4]Carbamidomethyl[C],74,0_18794_1,2,1
ORF3382870_HUMAN,ORF3382870,[4]Carbamidomethyl[C],78,0_18794_1,0,1
ORF3382870_HUMAN,ORF3382870,[4]Carbamidomethyl[C],93,0_5347_1,0,1
ORF3382870_HUMAN,ORF3382870,[35]Oxidation[M],96,0_5347_1,0,1
ORF3395851_HUMAN,ORF3395851,[4]Carbamidomethyl[C],46,0_14636_1,0,1
ORF3395851_HUMAN,ORF3395851,[4]Carbamidomethyl[C],154,0_16025_1,0,1
ORF3398779_HUMAN,ORF3398779,[35]Oxidation[M],17,0_13862_1,0,1
ORF3398779_HUMAN,ORF3398779,[35]Oxidation[M],26,0_13862_1,0,1
ORF3398779_HUMAN,ORF3398779,[4]Carbamidomethyl[C],53,0_11598_1,0,1
ORF3399511_HUMAN,ORF3399511,[4]Carbamidomethyl[C],31,0_22760_1,0,1
ORF3404014_HUMAN,ORF3404014,[35]Oxidation[M],63,0_7842_1,0,2
ORF3404014_HUMAN,ORF3404014,[35]Oxidation[M],63,0_8670_1,0,2
ORF3404014_HUMAN,ORF3404014,[35]Oxidation[M],81,0_33505_1,0,19
ORF3404014_HUMAN,ORF3404014,[35]Oxidation[M],81,0_34500_1,0,19
ORF3404014_HUMAN,ORF3404014,[35]Oxidation[M],81,0_34733_1,0,19
ORF3404014_HUMAN,ORF3404014,[35]Oxidation[M],81,0_35310_1,0,19
ORF3404014_HUMAN,ORF3404014,[35]Oxidation[M],81,0_35377_1,0,19
ORF3404014_HUMAN,ORF3404014,[35]Oxidation[M],81,0_35873_1,0,19
ORF3404014_HUMAN,ORF3404014,[35]Oxidation[M],81,0_36524_1,0,19
ORF3404014_HUMAN,ORF3404014,[35]Oxidation[M],81,0_38299_1,0,19
ORF3404014_HUMAN,ORF3404014,[35]Oxidation[M],81,0_38680_1,0,19
ORF3404014_HUMAN,ORF3404014,[35]Oxidation[M],81,0_39180_1,0,19
ORF3404014_HUMAN,ORF3404014,[35]Oxidation[M],81,0_40151_1,0,19
ORF3404014_HUMAN,ORF3404014,[35]Oxidation[M],81,0_40337_1,0,19
ORF3404014_HUMAN,ORF3404014,[35]Oxidation[M],81,0_41374_1,0,19
ORF3404014_HUMAN,ORF3404014,[35]Oxidation[M],81,0_41870_1,0,19
ORF3404014_HUMAN,ORF3404014,[35]Oxidation[M],81,0_41959_1,0,19
ORF3404014_HUMAN,ORF3404014,[35]Oxidation[M],81,0_42379_1,0,19
ORF3404014_HUMAN,ORF3404014,[35]Oxidation[M],81,0_42870_1,0,19
ORF3404014_HUMAN,ORF3404014,[35]Oxidation[M],81,0_43346_1,0,19
ORF3404014_HUMAN,ORF3404014,[35]Oxidation[M],81,0_44567_1,0,19
ORF3404014_HUMAN,ORF3404014,[35]Oxidation[M],83,0_33505_1,0,18
ORF3404014_HUMAN,ORF3404014,[35]Oxidation[M],83,0_34500_1,0,18
ORF3404014_HUMAN,ORF3404014,[35]Oxidation[M],83,0_34733_1,0,18
ORF3404014_HUMAN,ORF3404014,[35]Oxidation[M],83,0_35310_1,0,18
ORF3404014_HUMAN,ORF3404014,[35]Oxidation[M],83,0_35377_1,0,18
ORF3404014_HUMAN,ORF3404014,[35]Oxidation[M],83,0_35873_1,0,18
ORF3404014_HUMAN,ORF3404014,[35]Oxidation[M],83,0_36524_1,0,18
ORF3404014_HUMAN,ORF3404014,[35]Oxidation[M],83,0_38299_1,0,18
ORF3404014_HUMAN,ORF3404014,[35]Oxidation[M],83,0_38680_1,0,18
ORF3404014_HUMAN,ORF3404014,[35]Oxidation[M],83,0_39180_1,0,18
ORF3404014_HUMAN,ORF3404014,[35]Oxidation[M],83,0_40337_1,0,18
ORF3404014_HUMAN,ORF3404014,[35]Oxidation[M],83,0_41374_1,0,18
ORF3404014_HUMAN,ORF3404014,[35]Oxidation[M],83,0_41870_1,0,18
ORF3404014_HUMAN,ORF3404014,[35]Oxidation[M],83,0_41959_1,0,18
ORF3404014_HUMAN,ORF3404014,[35]Oxidation[M],83,0_42379_1,0,18
ORF3404014_HUMAN,ORF3404014,[35]Oxidation[M],83,0_42870_1,0,18
ORF3404014_HUMAN,ORF3404014,[35]Oxidation[M],83,0_43346_1,0,18
ORF3404014_HUMAN,ORF3404014,[35]Oxidation[M],83,0_44567_1,0,18
ORF3404017_HUMAN,ORF3404017,[35]Oxidation[M],13,0_16125_1,0,1
ORF3404017_HUMAN,ORF3404017,[35]Oxidation[M],16,0_16125_1,0,2
ORF3404017_HUMAN,ORF3404017,[35]Oxidation[M],16,0_23153_1,0,2
ORF3413242_HUMAN,ORF3413242,[4]Carbamidomethyl[C],42,0_7972_1,0,6
ORF3413242_HUMAN,ORF3413242,[4]Carbamidomethyl[C],42,0_9664_1,0,6
ORF3413242_HUMAN,ORF3413242,[4]Carbamidomethyl[C],42,0_9674_1,0,6
ORF3413242_HUMAN,ORF3413242,[4]Carbamidomethyl[C],42,0_10712_1,0,6
ORF3413242_HUMAN,ORF3413242,[4]Carbamidomethyl[C],42,0_11716_1,0,6
ORF3413242_HUMAN,ORF3413242,[4]Carbamidomethyl[C],42,0_11776_1,0,6
ORF3413248_HUMAN,ORF3413248,[35]Oxidation[M],13,0_16125_1,0,1
ORF3413248_HUMAN,ORF3413248,[35]Oxidation[M],16,0_16125_1,0,2
ORF3413248_HUMAN,ORF3413248,[35]Oxidation[M],16,0_23153_1,0,2
ORF3414493_HUMAN,ORF3414493,[4]Carbamidomethyl[C],279,0_6174_1,0,4
ORF3414493_HUMAN,ORF3414493,[4]Carbamidomethyl[C],279,0_6851_1,0,4
ORF3414493_HUMAN,ORF3414493,[4]Carbamidomethyl[C],279,0_3176_1,0,4
ORF3414493_HUMAN,ORF3414493,[4]Carbamidomethyl[C],279,0_4030_1,0,4
ORF3414493_HUMAN,ORF3414493,[35]Oxidation[M],283,0_4030_1,0,1
ORF3414493_HUMAN,ORF3414493,[35]Oxidation[M],284,0_3176_1,0,1
ORF3414493_HUMAN,ORF3414493,[35]Oxidation[M],346,0_40650_1,0,2
ORF3414493_HUMAN,ORF3414493,[35]Oxidation[M],346,0_40669_1,0,2
ORF3414493_HUMAN,ORF3414493,[35]Oxidation[M],347,0_40650_1,0,3
ORF3414493_HUMAN,ORF3414493,[35]Oxidation[M],347,0_40669_1,0,3
ORF3414493_HUMAN,ORF3414493,[35]Oxidation[M],347,0_41805_1,0,3
ORF3414493_HUMAN,ORF3414493,[35]Oxidation[M],352,0_41805_1,0,1
ORF3414493_HUMAN,ORF3414493,[35]Oxidation[M],370,0_24640_1,0,4
ORF3414493_HUMAN,ORF3414493,[35]Oxidation[M],370,0_28503_1,0,4
ORF3414493_HUMAN,ORF3414493,[35]Oxidation[M],370,0_28902_1,0,4
ORF3414493_HUMAN,ORF3414493,[35]Oxidation[M],370,0_29000_1,0,4
ORF3414493_HUMAN,ORF3414493,[35]Oxidation[M],455,0_24016_1,0,1
ORF3437080_HUMAN,ORF3437080,[4]Carbamidomethyl[C],114,0_13321_1,0,1
ORF3438700_HUMAN,ORF3438700,[35]Oxidation[M],411,0_11391_1,0,1
ORF3438700_HUMAN,ORF3438700,[4]Carbamidomethyl[C],512,0_12978_1,0,1
ORF3438700_HUMAN,ORF3438700,[4]Carbamidomethyl[C],594,0_28587_1,0,1
ORF3438703_HUMAN,ORF3438703,[35]Oxidation[M],398,0_11391_1,0,1
ORF3438703_HUMAN,ORF3438703,[4]Carbamidomethyl[C],499,0_12978_1,0,1
ORF3438703_HUMAN,ORF3438703,[4]Carbamidomethyl[C],581,0_28587_1,0,1
ORF3442291_HUMAN,ORF3442291,[4]Carbamidomethyl[C],35,0_36919_1,0,1
ORF3442291_HUMAN,ORF3442291,[35]Oxidation[M],163,0_39714_1,0,1
ORF3442294_HUMAN,ORF3442294,[4]Carbamidomethyl[C],829,0_36919_1,0,1
ORF3442297_HUMAN,ORF3442297,[4]Carbamidomethyl[C],900,0_36919_1,0,1
ORF3442297_HUMAN,ORF3442297,[35]Oxidation[M],1028,0_39714_1,0,1
ORF3445717_HUMAN,ORF3445717,[4]Carbamidomethyl[C],101,0_6260_1,0,1
ORF3445717_HUMAN,ORF3445717,[4]Carbamidomethyl[C],116,0_4708_1,0,1
ORF3445717_HUMAN,ORF3445717,[4]Carbamidomethyl[C],117,0_4708_1,0,1
ORF3445723_HUMAN,ORF3445723,[4]Carbamidomethyl[C],99,0_6260_1,0,1
ORF3445723_HUMAN,ORF3445723,[4]Carbamidomethyl[C],114,0_4708_1,0,1
ORF3445723_HUMAN,ORF3445723,[4]Carbamidomethyl[C],115,0_4708_1,0,1
ORF3445723_HUMAN,ORF3445723,[4]Carbamidomethyl[C],289,0_3242_1,0,2
ORF3445723_HUMAN,ORF3445723,[4]Carbamidomethyl[C],289,0_3735_1,0,2
ORF3445723_HUMAN,ORF3445723,[4]Carbamidomethyl[C],302,0_2952_1,0,4
ORF3445723_HUMAN,ORF3445723,[4]Carbamidomethyl[C],302,0_3559_1,0,4
ORF3445723_HUMAN,ORF3445723,[4]Carbamidomethyl[C],302,0_3585_1,0,4
ORF3445723_HUMAN,ORF3445723,[4]Carbamidomethyl[C],302,0_3587_1,0,4
ORF3445723_HUMAN,ORF3445723,[4]Carbamidomethyl[C],303,0_2952_1,0,4
ORF3445723_HUMAN,ORF3445723,[4]Carbamidomethyl[C],303,0_3559_1,0,4
ORF3445723_HUMAN,ORF3445723,[4]Carbamidomethyl[C],303,0_3585_1,0,4
ORF3445723_HUMAN,ORF3445723,[4]Carbamidomethyl[C],303,0_3587_1,0,4
ORF3445723_HUMAN,ORF3445723,[35]Oxidation[M],353,0_40818_1,0,2
ORF3445723_HUMAN,ORF3445723,[35]Oxidation[M],353,0_42529_1,0,2
ORF3445723_HUMAN,ORF3445723,[4]Carbamidomethyl[C],416,0_20589_1,0,1
ORF3445723_HUMAN,ORF3445723,[4]Carbamidomethyl[C],511,0_17736_1,0,1
ORF3445723_HUMAN,ORF3445723,[35]Oxidation[M],572,0_18468_1,0,3
ORF3445723_HUMAN,ORF3445723,[35]Oxidation[M],572,0_20041_1,0,3
ORF3445723_HUMAN,ORF3445723,[35]Oxidation[M],572,0_20515_1,0,3
ORF3445723_HUMAN,ORF3445723,[4]Carbamidomethyl[C],591,0_1702_1,0,2
ORF3445723_HUMAN,ORF3445723,[4]Carbamidomethyl[C],591,0_1734_1,0,2
ORF3445726_HUMAN,ORF3445726,[4]Carbamidomethyl[C],99,0_6260_1,0,1
ORF3445726_HUMAN,ORF3445726,[4]Carbamidomethyl[C],114,0_4708_1,0,1
ORF3445726_HUMAN,ORF3445726,[4]Carbamidomethyl[C],115,0_4708_1,0,1
ORF3445726_HUMAN,ORF3445726,[4]Carbamidomethyl[C],289,0_3242_1,0,2
ORF3445726_HUMAN,ORF3445726,[4]Carbamidomethyl[C],289,0_3735_1,0,2
ORF3445726_HUMAN,ORF3445726,[4]Carbamidomethyl[C],302,0_2952_1,0,4
ORF3445726_HUMAN,ORF3445726,[4]Carbamidomethyl[C],302,0_3559_1,0,4
ORF3445726_HUMAN,ORF3445726,[4]Carbamidomethyl[C],302,0_3585_1,0,4
ORF3445726_HUMAN,ORF3445726,[4]Carbamidomethyl[C],302,0_3587_1,0,4
ORF3445726_HUMAN,ORF3445726,[4]Carbamidomethyl[C],303,0_2952_1,0,4
ORF3445726_HUMAN,ORF3445726,[4]Carbamidomethyl[C],303,0_3559_1,0,4
ORF3445726_HUMAN,ORF3445726,[4]Carbamidomethyl[C],303,0_3585_1,0,4
ORF3445726_HUMAN,ORF3445726,[4]Carbamidomethyl[C],303,0_3587_1,0,4
ORF3445726_HUMAN,ORF3445726,[35]Oxidation[M],353,0_40818_1,0,2
ORF3445726_HUMAN,ORF3445726,[35]Oxidation[M],353,0_42529_1,0,2
ORF3445726_HUMAN,ORF3445726,[4]Carbamidomethyl[C],416,0_20589_1,0,1
ORF3445726_HUMAN,ORF3445726,[4]Carbamidomethyl[C],511,0_17736_1,0,1
ORF3445726_HUMAN,ORF3445726,[35]Oxidation[M],572,0_18468_1,0,3
ORF3445726_HUMAN,ORF3445726,[35]Oxidation[M],572,0_20041_1,0,3
ORF3445726_HUMAN,ORF3445726,[35]Oxidation[M],572,0_20515_1,0,3
ORF3455995_HUMAN,ORF3455995,[4]Carbamidomethyl[C],136,0_9736_1,0,2
ORF3455995_HUMAN,ORF3455995,[4]Carbamidomethyl[C],136,0_9765_1,0,2
ORF3455995_HUMAN,ORF3455995,[4]Carbamidomethyl[C],138,0_9736_1,0,2
ORF3455995_HUMAN,ORF3455995,[4]Carbamidomethyl[C],138,0_9765_1,0,2
ORF3466504_HUMAN,ORF3466504,[35]Oxidation[M],157,0_14157_1,0,2
ORF3466504_HUMAN,ORF3466504,[35]Oxidation[M],157,0_14634_1,0,2
ORF3466504_HUMAN,ORF3466504,[35]Oxidation[M],161,0_14157_1,0,3
ORF3466504_HUMAN,ORF3466504,[35]Oxidation[M],161,0_14634_1,0,3
ORF3466504_HUMAN,ORF3466504,[35]Oxidation[M],161,0_19025_1,0,3
ORF3466507_HUMAN,ORF3466507,[4]Carbamidomethyl[C],350,0_31328_1,0,1
ORF3466513_HUMAN,ORF3466513,[35]Oxidation[M],252,0_31180_1,0,1
ORF3466513_HUMAN,ORF3466513,[35]Oxidation[M],280,0_16179_1,0,2
ORF3466513_HUMAN,ORF3466513,[35]Oxidation[M],280,0_17565_1,0,2
ORF3466513_HUMAN,ORF3466513,[35]Oxidation[M],281,0_16179_1,0,2
ORF3466513_HUMAN,ORF3466513,[35]Oxidation[M],281,0_17565_1,0,2
ORF3471376_HUMAN,ORF3471376,[35]Oxidation[M],103,0_39241_1,0,1
ORF3471379_HUMAN,ORF3471379,[35]Oxidation[M],93,0_39241_1,0,1
ORF3476053_HUMAN,ORF3476053,[4]Carbamidomethyl[C],89,0_4544_1,0,1
ORF3476053_HUMAN,ORF3476053,[4]Carbamidomethyl[C],91,0_4544_1,0,1
ORF3476053_HUMAN,ORF3476053,[4]Carbamidomethyl[C],123,0_18207_1,0,3
ORF3476053_HUMAN,ORF3476053,[4]Carbamidomethyl[C],123,0_23674_1,0,3
ORF3476053_HUMAN,ORF3476053,[4]Carbamidomethyl[C],123,0_23749_1,0,3
ORF3485506_HUMAN,ORF3485506,[4]Carbamidomethyl[C],83,0_3780_1,0,3
ORF3485506_HUMAN,ORF3485506,[4]Carbamidomethyl[C],83,0_4986_1,0,3
ORF3485506_HUMAN,ORF3485506,[4]Carbamidomethyl[C],83,0_5118_1,0,3
ORF3485512_HUMAN,ORF3485512,[4]Carbamidomethyl[C],83,0_3780_1,0,3
ORF3485512_HUMAN,ORF3485512,[4]Carbamidomethyl[C],83,0_4986_1,0,3
ORF3485512_HUMAN,ORF3485512,[4]Carbamidomethyl[C],83,0_5118_1,0,3
ORF3487114_HUMAN,ORF3487114,[35]Oxidation[M],40,0_10339_1,0,1
ORF3487507_HUMAN,ORF3487507,[4]Carbamidomethyl[C],243,0_16573_1,0,1
ORF3491725_HUMAN,ORF3491725,[4]Carbamidomethyl[C],165,0_31512_1,0,1
ORF3498286_HUMAN,ORF3498286,[35]Oxidation[M],101,0_26357_1,0,1
ORF3503995_HUMAN,ORF3503995,[4]Carbamidomethyl[C],196,0_2725_1,0,2
ORF3503995_HUMAN,ORF3503995,[4]Carbamidomethyl[C],196,0_2761_1,0,2
ORF413319_HUMAN,ORF413319,[4]Carbamidomethyl[C],65,0_4165_1,0,1
ORF422871_HUMAN,ORF422871,[35]Oxidation[M],16,0_13862_1,0,1
ORF422871_HUMAN,ORF422871,[35]Oxidation[M],25,0_13862_1,0,1
ORF453532_HUMAN,ORF453532,[35]Oxidation[M],11,0_13862_1,0,1
ORF453532_HUMAN,ORF453532,[35]Oxidation[M],20,0_13862_1,0,1
ORF453534_HUMAN,ORF453534,[35]Oxidation[M],8,0_13862_1,0,1
ORF453534_HUMAN,ORF453534,[35]Oxidation[M],17,0_13862_1,0,1
ORF708535_HUMAN,ORF708535,[4]Carbamidomethyl[C],74,0_4165_1,0,1
ORF708537_HUMAN,ORF708537,[4]Carbamidomethyl[C],62,0_4165_1,0,1
ORF72904_HUMAN,ORF72904,[35]Oxidation[M],14,0_31180_1,0,1
ORF72906_HUMAN,ORF72906,[35]Oxidation[M],15,0_31180_1,0,1
ORF72908_HUMAN,ORF72908,[35]Oxidation[M],37,0_31180_1,0,1
ORF949898_HUMAN,ORF949898,[35]Oxidation[M],70,0_39662_1,0,3
ORF949898_HUMAN,ORF949898,[35]Oxidation[M],70,0_40134_1,0,3
ORF949898_HUMAN,ORF949898,[35]Oxidation[M],70,0_40157_1,0,3
ORF949898_HUMAN,ORF949898,[35]Oxidation[M],71,0_39662_1,0,3
ORF949898_HUMAN,ORF949898,[35]Oxidation[M],71,0_40134_1,0,3
ORF949898_HUMAN,ORF949898,[35]Oxidation[M],71,0_40157_1,0,3
ORF949902_HUMAN,ORF949902,[35]Oxidation[M],56,0_39662_1,0,3
ORF949902_HUMAN,ORF949902,[35]Oxidation[M],56,0_40134_1,0,3
ORF949902_HUMAN,ORF949902,[35]Oxidation[M],56,0_40157_1,0,3
ORF949902_HUMAN,ORF949902,[35]Oxidation[M],57,0_39662_1,0,3
ORF949902_HUMAN,ORF949902,[35]Oxidation[M],57,0_40134_1,0,3
ORF949902_HUMAN,ORF949902,[35]Oxidation[M],57,0_40157_1,0,3
ORF949904_HUMAN,ORF949904,[35]Oxidation[M],55,0_39662_1,0,3
ORF949904_HUMAN,ORF949904,[35]Oxidation[M],55,0_40134_1,0,3
ORF949904_HUMAN,ORF949904,[35]Oxidation[M],55,0_40157_1,0,3
ORF949904_HUMAN,ORF949904,[35]Oxidation[M],56,0_39662_1,0,3
ORF949904_HUMAN,ORF949904,[35]Oxidation[M],56,0_40134_1,0,3
ORF949904_HUMAN,ORF949904,[35]Oxidation[M],56,0_40157_1,0,3
ORF949908_HUMAN,ORF949908,[35]Oxidation[M],45,0_39662_1,0,3
ORF949908_HUMAN,ORF949908,[35]Oxidation[M],45,0_40134_1,0,3
ORF949908_HUMAN,ORF949908,[35]Oxidation[M],45,0_40157_1,0,3
ORF949908_HUMAN,ORF949908,[35]Oxidation[M],46,0_39662_1,0,3
ORF949908_HUMAN,ORF949908,[35]Oxidation[M],46,0_40134_1,0,3
ORF949908_HUMAN,ORF949908,[35]Oxidation[M],46,0_40157_1,0,3
ORF949916_HUMAN,ORF949916,[35]Oxidation[M],21,0_39662_1,0,3
ORF949916_HUMAN,ORF949916,[35]Oxidation[M],21,0_40134_1,0,3
ORF949916_HUMAN,ORF949916,[35]Oxidation[M],21,0_40157_1,0,3
ORF949916_HUMAN,ORF949916,[35]Oxidation[M],22,0_39662_1,0,3
ORF949916_HUMAN,ORF949916,[35]Oxidation[M],22,0_40134_1,0,3
ORF949916_HUMAN,ORF949916,[35]Oxidation[M],22,0_40157_1,0,3
ORF949918_HUMAN,ORF949918,[35]Oxidation[M],10,0_39662_1,0,3
ORF949918_HUMAN,ORF949918,[35]Oxidation[M],10,0_40134_1,0,3
ORF949918_HUMAN,ORF949918,[35]Oxidation[M],10,0_40157_1,0,3
ORF949918_HUMAN,ORF949918,[35]Oxidation[M],11,0_39662_1,0,3
ORF949918_HUMAN,ORF949918,[35]Oxidation[M],11,0_40134_1,0,3
ORF949918_HUMAN,ORF949918,[35]Oxidation[M],11,0_40157_1,0,3
ORF949920_HUMAN,ORF949920,[35]Oxidation[M],8,0_29598_1,0,1
ORF949920_HUMAN,ORF949920,[35]Oxidation[M],8,0_29598_1,1,1
ORF949920_HUMAN,ORF949920,[35]Oxidation[M],11,0_29598_1,0,1
ORF949920_HUMAN,ORF949920,[35]Oxidation[M],12,0_29598_1,1,1
ORF949920_HUMAN,ORF949920,[4]Carbamidomethyl[C],29,0_16160_1,0,1
ORF949922_HUMAN,ORF949922,[4]Carbamidomethyl[C],21,0_16160_1,0,1
ORF949924_HUMAN,ORF949924,[4]Carbamidomethyl[C],16,0_16160_1,0,1
ORF949926_HUMAN,ORF949926,[4]Carbamidomethyl[C],13,0_16160_1,0,1
ORF949962_HUMAN,ORF949962,[35]Oxidation[M],15,0_35185_1,0,1
PCP_HUMAN,P42785,[35]Oxidation[M],116,0_5868_1,0,1
PERM_HUMAN,P05164,[4]Carbamidomethyl[C],309,0_15676_1,0,1
PERM_HUMAN,P05164,[35]Oxidation[M],341,0_34130_1,0,1
PERM_HUMAN,P05164,[4]Carbamidomethyl[C],398,0_14510_1,0,1
PERM_HUMAN,P05164,[35]Oxidation[M],472,0_25579_1,0,1
PERM_HUMAN,P05164,[35]Oxidation[M],588,0_21642_1,0,1
PERM_HUMAN,P05164,[4]Carbamidomethyl[C],606,0_27659_1,0,2
PERM_HUMAN,P05164,[4]Carbamidomethyl[C],606,0_27666_1,0,2
PERM_HUMAN,P05164,[4]Carbamidomethyl[C],663,0_33203_1,0,2
PERM_HUMAN,P05164,[4]Carbamidomethyl[C],663,0_33209_1,0,2
PERM_HUMAN,P05164,[4]Carbamidomethyl[C],704,0_7801_1,0,1
RNT2_HUMAN,O00584,[35]Oxidation[M],93,0_39241_1,0,1
SAP_HUMAN,P07602,[4]Carbamidomethyl[C],315,0_27249_1,0,6
SAP_HUMAN,P07602,[4]Carbamidomethyl[C],315,0_29486_1,0,6
SAP_HUMAN,P07602,[4]Carbamidomethyl[C],315,0_29535_1,0,6
SAP_HUMAN,P07602,[4]Carbamidomethyl[C],315,0_29976_1,0,6
SAP_HUMAN,P07602,[4]Carbamidomethyl[C],315,0_29982_1,0,6
SAP_HUMAN,P07602,[4]Carbamidomethyl[C],315,0_30032_1,0,6
SAP_HUMAN,P07602,[4]Carbamidomethyl[C],318,0_27249_1,0,6
SAP_HUMAN,P07602,[4]Carbamidomethyl[C],318,0_29486_1,0,6
SAP_HUMAN,P07602,[4]Carbamidomethyl[C],318,0_29535_1,0,6
SAP_HUMAN,P07602,[4]Carbamidomethyl[C],318,0_29976_1,0,6
SAP_HUMAN,P07602,[4]Carbamidomethyl[C],318,0_29982_1,0,6
SAP_HUMAN,P07602,[4]Carbamidomethyl[C],318,0_30032_1,0,6
SAP_HUMAN,P07602,[4]Carbamidomethyl[C],440,0_15135_1,0,1
SPB6_HUMAN,P35237,[35]Oxidation[M],233,0_31180_1,0,1
SPB6_HUMAN,P35237,[35]Oxidation[M],261,0_16179_1,0,2
SPB6_HUMAN,P35237,[35]Oxidation[M],261,0_17565_1,0,2
SPB6_HUMAN,P35237,[35]Oxidation[M],262,0_16179_1,0,2
SPB6_HUMAN,P35237,[35]Oxidation[M],262,0_17565_1,0,2
SPB8_HUMAN,P50452,[4]Carbamidomethyl[C],348,0_31328_1,0,1
sp|CONTAMINANT_Q2UVX4,sp|CONTAMINANT_Q2UVX4,[4]Carbamidomethyl[C],1536,0_9148_1,0,1
